{
    "Amstrad": "amstradcpc.png",
    "Arcade": "arcade.png",
    "Arduboy": "arduboy.png",
    "Atari 2600": "atari2600.png",
    "Atari 5200": "atari5200.png",
    "Atari 7800": "atari7800.png",
    "Atari Jaguar": "atarijaguar.png",
    "Atari Lynx": "atarilynx.png",
    "Atari ST-STE-TT-Falcon": "atarist.png",
    "Bandai WonderSwan-Color": "wonderswancolor.png",
    "Books": "_default.png",
    "Cave Story": "cavestory.png",
    "ChaiLove": "_default.png",
    "CHIP-8": "chip-8.png",
    "ColecoVision": "colecovision.png",
    "Commodore Amiga": "amiga.png",
    "Commodore C128": "c128.png",
    "Commodore C64": "c64.png",
    "Commodore CBM-II": "_default.png",
    "Commodore PET": "pet.png",
    "Commodore VIC-20": "vic20.png",
    "DOS": "pc.png",
    "Doom": "doom.png",
    "External - Ports": "ports.png",
    "Fairchild ChannelF": "channelf.png",
    "GCE-Vectrex": "vectrex.png",
    "Handheld Electronic - Game and Watch": "gameandwatch.png",
    "Java J2ME": "j2me.png",
    "Lowres NX": "lowresnx.png",
    "Lua Engine": "lutro.png",
    "MSX-SVI-ColecoVision-SG1000": "msx.png",
    "Mattel - Intellivision": "intellivision.png",
    "Media": "_default.png",
    "Mega Duck - Cougar Boy": "megaduck.png",
    "Microsoft - MSX": "msx.png",
    "NEC PC Engine CD": "pce-cd.png",
    "NEC PC Engine SuperGrafx": "supergrafx.png",
    "NEC PC Engine": "pcengine.png",
    "NEC PC-8000 - PC-8800 series": "pc88.png",
    "NEC PC-FX": "pcfx.png",
    "NEC PC98": "pc98.png",
    "Nintendo DS": "nds.png",
    "Nintendo Game Boy Advance": "gba.png",
    "Nintendo Game Boy Color": "gbc.png",
    "Nintendo Game Boy": "gb.png",
    "Nintendo N64": "n64.png",
    "Nintendo NES-Famicom": "nes.png",
    "Nintendo Pokemon Mini": "pokemini.png",
    "Nintendo SNES-SFC": "snes.png",
    "Nintendo Virtual Boy": "virtualboy.png",
    "OpenBOR": "openbor.png",
    "PICO-8": "pico-8.png",
    "Philips CDi": "cdi.png",
    "Quake": "tyrquake.png",
    "RPG Maker 2000 - 2003": "_default.png",
    "SNK Neo Geo CD": "neogeocd.png",
    "SNK Neo Geo Pocket - Color": "ngpc.png",
    "SNK Neo Geo": "neogeo.png",
    "ScummVM": "scummvm.png",
    "Sega 32X": "sega32x.png",
    "Sega Atomiswave Naomi": "atomiswave.png",
    "Sega Dreamcast": "dreamcast.png",
    "Sega Game Gear": "gamegear.png",
    "Sega Master System": "mastersystem.png",
    "Sega Mega CD - Sega CD": "segacd.png",
    "Sega Mega Drive - Genesis": "megadrive.png",
    "Sega Pico": "pico.png",
    "Sega SG-1000": "sg-1000.png",
    "Sega Saturn": "saturn.png",
    "Sharp X1": "x1.png",
    "Sharp X68000": "x68000.png",
    "Sinclair ZX 81": "zx81.png",
    "Sinclair ZX Spectrum": "zxspectrum.png",
    "Sony PlayStation": "psx.png",
    "Sony Playstation Portable": "psp.png",
    "TIC-80": "tic80.png",
    "Texas Instruments TI-83": "_default.png",
    "The 3DO Company - 3DO": "3do.png",
    "Uzebox": "uzebox.png",
    "VeMUlator": "_default.png",
    "Vircon32": "vircon32.png",
    "WASM-4": "wasm4.png",
    "Watara Supervision": "supervision.png",
    "Wolfenstein 3D": "_default.png"
  }